{
  "tiktok_link": "https://www.tiktok.com/@mevabemarsovn",
  "telegram_token": "7969291449:AAF-JV8rQNWEs-jCS3XCzX-MhX9BIPuV_RE",
  "schedule": {
    "Thứ 2": [
      {
        "session_number": 1,
        "start_time": "15:00",
        "end_time": "15:20",
        "staff_telegram": "6226723504",
        "manager_telegram": "6226723504"
      },
      {
        "session_number": 2,
        "start_time": "15:20",
        "end_time": "15:40",
        "staff_telegram": "6226723504",
        "manager_telegram": "6226723504"
      }
    ],
    "Thứ 3": [
      {
        "session_number": 1,
        "start_time": "11:00",
        "end_time": "12:00",
        "staff_telegram": "6226723504",
        "manager_telegram": "6226723504"
      }
    ]
  }
}